{"cameraMode":{"drawMode":0,"name":"Shaded","section":"Shading Mode"},"sceneLighting":true,"audioPlay":false,"sceneViewState":{"m_AlwaysRefresh":false,"showFog":true,"showSkybox":true,"showFlares":true,"showImageEffects":true,"showParticleSystems":true,"showVisualEffectGraphs":true,"m_FxEnabled":true},"in2DMode":false,"pivot":{"x":1.660460352897644,"y":0.8469052910804749,"z":-2.8149139881134035},"rotation":{"x":0.09614810347557068,"y":-0.01729463040828705,"z":0.0016703810542821885,"w":0.9952247142791748},"size":1.8030674457550049,"orthographic":false}